col1,col2,col3,col4
0.758194529715416,0.18352819552784,0.776992905706029,0.611237130774301
0.887030732228013,0.737072654586589,0.501903419153744,0.855771891361736
0.0687981711037167,0.696714852649722,0.425496828002627,0.670797108980223
